{
	"partitions" : [
		{
			"name" : "Top",
			"pins" : [
				{
					"name" : "M[0]",
					"strict" : false
				},
				{
					"name" : "M[1]",
					"strict" : false
				},
				{
					"name" : "M[2]",
					"strict" : false
				},
				{
					"name" : "M[3]",
					"strict" : false
				},
				{
					"name" : "M[4]",
					"strict" : false
				},
				{
					"name" : "M[5]",
					"strict" : false
				},
				{
					"name" : "M[6]",
					"strict" : false
				},
				{
					"name" : "A[0]",
					"strict" : false
				},
				{
					"name" : "A[1]",
					"strict" : false
				},
				{
					"name" : "A[2]",
					"strict" : false
				},
				{
					"name" : "A[3]",
					"strict" : false
				},
				{
					"name" : "D[0]",
					"strict" : false
				},
				{
					"name" : "D[1]",
					"strict" : false
				},
				{
					"name" : "D[2]",
					"strict" : false
				}
			]
		}
	]
}