{
	"partitions" : [
		{
			"name" : "Top",
			"pins" : [
				{
					"name" : "Hundreds[0]",
					"strict" : false
				},
				{
					"name" : "Hundreds[1]",
					"strict" : false
				},
				{
					"name" : "Hundreds[2]",
					"strict" : false
				},
				{
					"name" : "Hundreds[3]",
					"strict" : false
				},
				{
					"name" : "Tens[0]",
					"strict" : false
				},
				{
					"name" : "Tens[1]",
					"strict" : false
				},
				{
					"name" : "Tens[2]",
					"strict" : false
				},
				{
					"name" : "Tens[3]",
					"strict" : false
				},
				{
					"name" : "Ones[0]",
					"strict" : false
				},
				{
					"name" : "Ones[1]",
					"strict" : false
				},
				{
					"name" : "Ones[2]",
					"strict" : false
				},
				{
					"name" : "Ones[3]",
					"strict" : false
				},
				{
					"name" : "binary[2]",
					"strict" : false
				},
				{
					"name" : "binary[3]",
					"strict" : false
				},
				{
					"name" : "binary[4]",
					"strict" : false
				},
				{
					"name" : "binary[5]",
					"strict" : false
				},
				{
					"name" : "binary[6]",
					"strict" : false
				},
				{
					"name" : "binary[7]",
					"strict" : false
				},
				{
					"name" : "binary[9]",
					"strict" : false
				},
				{
					"name" : "binary[8]",
					"strict" : false
				},
				{
					"name" : "binary[1]",
					"strict" : false
				},
				{
					"name" : "binary[0]",
					"strict" : false
				}
			]
		}
	]
}