{
	"partitions" : [
		{
			"name" : "Top",
			"pins" : [
				{
					"name" : "Total[9]",
					"strict" : false
				},
				{
					"name" : "Total[8]",
					"strict" : false
				},
				{
					"name" : "Total[7]",
					"strict" : false
				},
				{
					"name" : "Total[6]",
					"strict" : false
				},
				{
					"name" : "Total[5]",
					"strict" : false
				},
				{
					"name" : "Total[4]",
					"strict" : false
				},
				{
					"name" : "Total[3]",
					"strict" : false
				},
				{
					"name" : "Total[2]",
					"strict" : false
				},
				{
					"name" : "Total[1]",
					"strict" : false
				},
				{
					"name" : "Total[0]",
					"strict" : false
				},
				{
					"name" : "E1[0]",
					"strict" : false
				},
				{
					"name" : "E1[1]",
					"strict" : false
				},
				{
					"name" : "E1[2]",
					"strict" : false
				},
				{
					"name" : "E1[3]",
					"strict" : false
				},
				{
					"name" : "A[0]",
					"strict" : false
				},
				{
					"name" : "A[1]",
					"strict" : false
				},
				{
					"name" : "A[2]",
					"strict" : false
				},
				{
					"name" : "A[3]",
					"strict" : false
				},
				{
					"name" : "B10[0]",
					"strict" : false
				},
				{
					"name" : "B10[1]",
					"strict" : false
				},
				{
					"name" : "B10[2]",
					"strict" : false
				},
				{
					"name" : "B10[3]",
					"strict" : false
				},
				{
					"name" : "C5[0]",
					"strict" : false
				},
				{
					"name" : "C5[1]",
					"strict" : false
				},
				{
					"name" : "C5[2]",
					"strict" : false
				},
				{
					"name" : "C5[3]",
					"strict" : false
				}
			]
		}
	]
}